{"cameraMode":{"drawMode":0,"name":"Shaded","section":"Shading Mode"},"sceneLighting":false,"audioPlay":false,"sceneViewState":{"m_AlwaysRefresh":false,"showFog":true,"showSkybox":false,"showFlares":true,"showImageEffects":true,"showParticleSystems":true,"showVisualEffectGraphs":true,"m_FxEnabled":true},"in2DMode":false,"pivot":{"x":-0.503324031829834,"y":0.8175867795944214,"z":1.8389841318130494},"rotation":{"x":0.029395150020718576,"y":0.7490764260292053,"z":-0.033276550471782687,"w":0.66119784116745},"size":0.15600983798503877,"orthographic":false}