{"cameraMode":{"drawMode":0,"name":"Shaded","section":"Shading Mode"},"sceneLighting":false,"audioPlay":false,"sceneViewState":{"m_AlwaysRefresh":false,"showFog":true,"showSkybox":false,"showFlares":true,"showImageEffects":true,"showParticleSystems":true,"showVisualEffectGraphs":true,"m_FxEnabled":true},"in2DMode":false,"pivot":{"x":0.08277343213558197,"y":0.587628960609436,"z":0.5488525629043579},"rotation":{"x":-0.0026429768186062576,"y":-0.9825044274330139,"z":0.18641772866249085,"w":-0.013719039037823677},"size":0.34952524304389956,"orthographic":false}