{"cameraMode":{"drawMode":0,"name":"Shaded","section":"Shading Mode"},"sceneLighting":false,"audioPlay":false,"sceneViewState":{"m_AlwaysRefresh":false,"showFog":false,"showSkybox":false,"showFlares":false,"showImageEffects":false,"showParticleSystems":false,"showVisualEffectGraphs":true,"m_FxEnabled":true},"in2DMode":false,"pivot":{"x":-0.07145765423774719,"y":0.045381978154182437,"z":-0.547191858291626},"rotation":{"x":-0.0013879508478567005,"y":0.9968528747558594,"z":-0.0773208886384964,"w":-0.017943544313311578},"size":1.1488752365112305,"orthographic":false}