{"cameraMode":{"drawMode":0,"name":"Shaded","section":"Shading Mode"},"sceneLighting":false,"audioPlay":false,"sceneViewState":{"m_AlwaysRefresh":false,"showFog":true,"showSkybox":false,"showFlares":true,"showImageEffects":true,"showParticleSystems":true,"showVisualEffectGraphs":true,"m_FxEnabled":true},"in2DMode":false,"pivot":{"x":0.21335196495056153,"y":0.40417155623435976,"z":0.0845649242401123},"rotation":{"x":0.06537045538425446,"y":-0.004056887235492468,"z":0.0002748152182903141,"w":0.9979841113090515},"size":0.6354692578315735,"orthographic":false}