{"cameraMode":{"drawMode":0,"name":"Shaded","section":"Shading Mode"},"sceneLighting":false,"audioPlay":false,"sceneViewState":{"m_AlwaysRefresh":false,"showFog":false,"showSkybox":false,"showFlares":false,"showImageEffects":false,"showParticleSystems":false,"showVisualEffectGraphs":true,"m_FxEnabled":true},"in2DMode":false,"pivot":{"x":0.000001430511474609375,"y":0.8942632675170898,"z":-0.01896706223487854},"rotation":{"x":0.2001015692949295,"y":-0.41725608706474306,"z":0.094729483127594,"w":0.8815675377845764},"size":1.2957197427749634,"orthographic":false}